{"LAT0": 33.23048138453746, "LAT1": 34.60406861546254, "LON0": -118.94971, "LON1": -117.30906, "xmin": 0.0, "xmax": 152922.5611082705, "ymin": 0.0, "ymax": 152359.55004705998, "zmin": 0.0, "zmax": -50000.0}